doctor_id,hospital_id,specialty,workload_weight
D0001,H001,General Medicine,2.5767384762238823
D0002,H001,Obstetrics,0.9655992080078808
D0003,H001,General Surgery,1.7180260130084108
D0004,H001,Nephrology,1.7755819214304494
D0005,H002,General Medicine,1.1301393715161203
D0006,H002,Urology,1.6867777634237615
D0007,H002,Urology,0.6487736333881263
D0008,H002,General Surgery,1.3596401395281885
D0009,H002,Ophthalmology,0.8519135800455736
D0010,H002,Ophthalmology,1.4825170492972617
D0011,H002,Ophthalmology,0.9774784206992715
D0012,H002,Orthopaedics,0.8556056860337709
D0013,H002,Oncology,1.2838893841591053
D0014,H002,Oncology,0.4319025850171807
D0015,H002,Cardiology,1.2147263137150055
D0016,H002,Cardiology,0.8269433961543693
D0017,H002,Cardiology,0.3500766420165214
D0018,H003,General Medicine,2.0493098726713987
D0019,H003,Obstetrics,1.942699130419118
D0020,H003,Obstetrics,2.3191292516676905
D0021,H003,Obstetrics,1.762590058531123
D0022,H003,Ophthalmology,1.1059143143184496
D0023,H004,General Medicine,0.40461936858056563
D0024,H005,General Medicine,3.1158310705806938
D0025,H005,Urology,2.089043990931115
D0026,H005,General Surgery,0.6650365190348544
D0027,H005,General Surgery,0.6176164818976652
D0028,H005,General Surgery,1.883538669470752
D0029,H005,Obstetrics,1.622550675816004
D0030,H005,Obstetrics,0.957451714611565
D0031,H005,Nephrology,1.042226302790433
D0032,H005,Nephrology,2.0240106183887687
D0033,H005,Nephrology,1.1673152102556206
D0034,H005,Oncology,1.4283196918023353
D0035,H005,Oncology,0.4474936615033921
D0036,H005,Oncology,0.6627542563753979
D0037,H005,Oncology,1.8569620462582535
D0038,H006,General Medicine,0.3840855873849041
D0039,H006,Orthopaedics,0.7619370012971434
D0040,H006,Oncology,1.1077748270746177
D0041,H006,Oncology,1.803045697748687
D0042,H007,General Medicine,0.608703858905623
D0043,H008,General Medicine,0.5140480032726077
D0044,H008,General Medicine,0.434301059474758
D0045,H008,Oncology,0.7397158475800898
D0046,H008,Obstetrics,0.3951834462637752
D0047,H008,Urology,0.9962235006624642
D0048,H008,Orthopaedics,0.6800322311962086
D0049,H008,Nephrology,0.7106708465160728
D0050,H008,Nephrology,2.156914602915348
D0051,H009,General Medicine,0.7588035484723705
D0052,H009,General Surgery,1.9670536002294825
D0053,H009,Urology,0.6647152073796184
D0054,H010,General Medicine,1.0461098861794151
D0055,H010,Cardiology,1.0026649749752774
D0056,H010,Cardiology,1.768452268484233
D0057,H010,Obstetrics,1.828896014698112
D0058,H010,Obstetrics,0.8482289434206614
D0059,H011,General Medicine,1.393956561809942
D0060,H011,General Surgery,1.3422134450547962
D0061,H011,Orthopaedics,0.615882371605159
D0062,H012,General Medicine,2.061696830800833
D0063,H012,Oncology,0.7735088787570004
D0064,H012,Oncology,1.1567364103041038
D0065,H012,Nephrology,0.387163865715636
D0066,H012,Nephrology,1.9027402150919048
D0067,H013,General Medicine,0.9897002276571293
D0068,H013,Ophthalmology,0.6217183491954364
D0069,H013,Ophthalmology,0.9139585634572085
D0070,H013,Obstetrics,0.7046584829953578
D0071,H013,Obstetrics,0.8405562391768377
D0072,H013,Orthopaedics,0.8189154215977655
D0073,H013,Orthopaedics,0.8731147866844557
D0074,H013,Orthopaedics,0.9900985102970324
D0075,H014,General Medicine,1.4127402851246964
D0076,H014,Ophthalmology,0.7927953223896528
D0077,H014,General Surgery,0.88709022930223
D0078,H015,General Medicine,2.187785326251615
D0079,H015,Urology,0.4120101601391165
D0080,H016,General Medicine,0.8951194687317756
D0081,H016,General Medicine,1.6451267008735153
D0082,H016,General Surgery,1.073135255632826
D0083,H016,General Surgery,0.4155142536867298
D0084,H016,Orthopaedics,1.9029801004496754
D0085,H016,Cardiology,0.9688359982616636
D0086,H016,Cardiology,0.8328860900346077
D0087,H016,Cardiology,2.0128833383358966
D0088,H016,Oncology,1.217275163753288
D0089,H016,Oncology,0.6498646440784556
D0090,H016,Oncology,1.5351148157533996
D0091,H016,Urology,1.5184475996670863
D0092,H016,Ophthalmology,1.2215920342564557
D0093,H016,Ophthalmology,0.23912731143440344
D0094,H016,Ophthalmology,1.1631468213931706
D0095,H016,Nephrology,0.9633057108795151
D0096,H016,Nephrology,0.5654669503750669
D0097,H016,Nephrology,0.9317401283567863
D0098,H016,Obstetrics,1.0843271795633298
D0099,H016,Obstetrics,1.6814970914465375
D0100,H017,General Medicine,1.9059200336885138
D0101,H017,General Medicine,0.4200818320501426
D0102,H017,Cardiology,2.510866235155485
D0103,H017,Cardiology,0.5314133197439674
D0104,H017,Cardiology,0.5572145073572717
D0105,H017,Cardiology,0.5215410538140052
D0106,H017,Cardiology,2.3719422713900684
D0107,H017,Obstetrics,0.8890735412647728
D0108,H017,Obstetrics,3.418226341215611
D0109,H017,Obstetrics,2.0057849100526033
D0110,H017,Obstetrics,0.6528101618485801
D0111,H017,General Surgery,0.4114022554409284
D0112,H017,General Surgery,1.6648840124810051
D0113,H017,Nephrology,0.9199942426010284
D0114,H017,Nephrology,1.4548208659072173
D0115,H017,Nephrology,1.2162204018898546
D0116,H017,Orthopaedics,0.44506456829067115
D0117,H017,Ophthalmology,1.376273784259695
D0118,H017,Ophthalmology,1.180302601518574
D0119,H017,Ophthalmology,1.4550992794813247
D0120,H017,Urology,0.7066409296438885
D0121,H017,Oncology,0.7067900176568677
D0122,H017,Oncology,0.4022525430918005
D0123,H017,Oncology,2.4020529733737868
D0124,H017,Oncology,1.5111286481210282
D0125,H018,General Medicine,1.6223288738801884
D0126,H018,Nephrology,0.8850028376547814
D0127,H019,General Medicine,0.8075242589477167
D0128,H019,Urology,1.3204281177589619
D0129,H019,Orthopaedics,1.2620638877977988
D0130,H020,General Medicine,2.1217757569854987
D0131,H020,Cardiology,1.2847224673586908
D0132,H020,Obstetrics,1.2121362176141408
D0133,H020,Oncology,1.0054156543523587
D0134,H021,General Medicine,0.7494997878733424
D0135,H021,Urology,0.9471779290856427
D0136,H021,Urology,0.6750975131001797
D0137,H021,Orthopaedics,1.733574289357324
D0138,H022,General Medicine,0.7509430105002336
D0139,H022,Orthopaedics,0.8791844175822283
D0140,H022,Oncology,0.7248572337563358
D0141,H022,Ophthalmology,1.6240162432584038
D0142,H022,Nephrology,0.612041662396615
D0143,H022,Obstetrics,2.370417707090521
D0144,H022,Obstetrics,0.38374286148988795
D0145,H023,General Medicine,0.5025693363474929
D0146,H023,Orthopaedics,0.8334227946031759
D0147,H024,General Medicine,0.7657511972048465
D0148,H024,Ophthalmology,0.7651925455350044
D0149,H024,Nephrology,1.4768845071215126
D0150,H024,Obstetrics,1.5243790625002862
D0151,H025,General Medicine,1.1612059489865227
D0152,H025,Cardiology,1.0045971587513585
D0153,H025,Cardiology,0.9435241459065264
D0154,H026,General Medicine,0.43510051889639345
D0155,H026,General Medicine,3.4797606158239125
D0156,H026,General Surgery,1.63286582708776
D0157,H026,Orthopaedics,0.6078390737266526
D0158,H027,General Medicine,0.9476530050756903
D0159,H027,Urology,1.8187869041713443
D0160,H027,Urology,1.0384194230438375
D0161,H028,General Medicine,1.4418207104120813
D0162,H028,General Medicine,0.717276888765806
D0163,H028,General Medicine,0.592958188620201
D0164,H028,Ophthalmology,0.7331457966569044
D0165,H028,Obstetrics,2.045126221126244
D0166,H028,Obstetrics,1.9822542295555081
D0167,H028,Obstetrics,1.1294146144669364
D0168,H028,General Surgery,1.0651148121808263
D0169,H028,General Surgery,0.8438314460490312
D0170,H028,General Surgery,0.6408914615534171
D0171,H028,Orthopaedics,0.5809812519112304
D0172,H028,Orthopaedics,0.5332892935152874
D0173,H028,Orthopaedics,1.2905511275645287
D0174,H028,Orthopaedics,2.1482568363276733
D0175,H028,Cardiology,0.5846114359028399
D0176,H028,Cardiology,0.3877001974678004
D0177,H028,Cardiology,1.0602345073578454
D0178,H028,Cardiology,0.32581882266423057
D0179,H028,Urology,0.6599158725129924
D0180,H028,Urology,1.2192113936641278
D0181,H029,General Medicine,1.5634569653360204
D0182,H029,Nephrology,1.163849971348811
D0183,H029,Nephrology,1.291438677685522
D0184,H029,Nephrology,1.0733969600656492
D0185,H030,General Medicine,0.664460929654278
D0186,H030,General Medicine,1.23467578698435
D0187,H030,Obstetrics,0.7177837958121936
D0188,H030,General Surgery,1.631370845077585
D0189,H030,General Surgery,1.0400916505152533
D0190,H031,General Medicine,1.498214213894386
D0191,H031,Oncology,0.4949738661290308
D0192,H031,Cardiology,0.7644883482143008
D0193,H031,Urology,1.0208034468045966
D0194,H031,Nephrology,0.549053955296764
D0195,H031,Nephrology,1.312506282391374
D0196,H032,General Medicine,0.9994402956939805
D0197,H032,General Medicine,0.3270907090162307
D0198,H032,Urology,2.644015795675126
D0199,H033,General Medicine,2.4979668584417425
D0200,H033,General Surgery,1.5778705707493605
D0201,H034,General Medicine,1.1186747208401708
D0202,H034,Nephrology,0.7245330631525494
D0203,H034,Obstetrics,1.4923611958210574
D0204,H034,Obstetrics,1.1484461613258237
D0205,H034,Orthopaedics,0.8557134470745597
D0206,H035,General Medicine,1.544712607289144
D0207,H035,Urology,1.6958647589675846
D0208,H035,Oncology,0.2541662849147049
D0209,H036,General Medicine,0.8182171855116717
D0210,H036,General Medicine,0.6870403127126236
D0211,H036,Obstetrics,1.8824610176919874
D0212,H036,Oncology,0.9360834912712039
D0213,H036,Oncology,1.1202830753201631
D0214,H036,Cardiology,1.4376567288617725
D0215,H036,Cardiology,1.794336031338699
D0216,H037,General Medicine,1.4585327231438365
D0217,H037,General Surgery,0.8486914505842877
D0218,H038,General Medicine,1.304228416635639
D0219,H038,General Medicine,1.0585497200530845
D0220,H038,General Medicine,1.096565862934736
D0221,H038,Obstetrics,1.1644137732073245
D0222,H038,Obstetrics,0.6920226738174002
D0223,H038,Obstetrics,1.0142641483152093
D0224,H038,Nephrology,2.023751786218811
D0225,H038,Ophthalmology,1.6720104801908457
D0226,H038,Ophthalmology,0.9737005808140239
D0227,H038,Ophthalmology,0.9847456287052959
D0228,H038,Oncology,0.5105408663015554
D0229,H038,Oncology,0.6756167818360396
D0230,H038,Oncology,0.939392200625644
D0231,H038,Oncology,0.7370869370514229
D0232,H038,General Surgery,0.9561261821386674
D0233,H038,Orthopaedics,0.906820126599406
D0234,H038,Urology,2.036323309292414
D0235,H038,Urology,1.1110075823088255
D0236,H038,Urology,2.210020773987738
D0237,H039,General Medicine,1.9974276557316608
D0238,H039,Urology,2.256242163229968
D0239,H040,General Medicine,0.7845083199427527
D0240,H040,General Medicine,0.6816554752059949
D0241,H040,Ophthalmology,3.207565813030636
D0242,H040,Obstetrics,0.8461485306092448
D0243,H041,General Medicine,0.4612032626405487
D0244,H041,General Medicine,0.8757452383389926
D0245,H041,General Medicine,0.7935325714980981
D0246,H041,Cardiology,1.6992102807422609
D0247,H042,General Medicine,1.4474676806217321
D0248,H042,Orthopaedics,0.8380966542808643
D0249,H042,Oncology,1.0611275666374016
D0250,H043,General Medicine,0.7532511964004679
D0251,H043,Nephrology,1.6965463657725175
D0252,H043,General Surgery,0.5418880223408348
D0253,H043,General Surgery,2.118308582744791
D0254,H043,General Surgery,1.2225809311671596
D0255,H043,General Surgery,0.6831109650218353
D0256,H043,Orthopaedics,1.0066402859857193
D0257,H043,Oncology,0.656735079519606
D0258,H043,Oncology,1.1462295199544292
D0259,H043,Obstetrics,1.3309987380866595
D0260,H044,General Medicine,1.1954997970273318
D0261,H044,Urology,1.2755905828168312
D0262,H044,Ophthalmology,0.9531892598552625
D0263,H044,Cardiology,0.9422221037211503
D0264,H044,Cardiology,0.6408870833019418
D0265,H044,Cardiology,0.7818256287939623
D0266,H045,General Medicine,0.8296453168736895
D0267,H045,General Surgery,1.2987754777548977
D0268,H046,General Medicine,2.037614449588544
D0269,H046,Oncology,0.6268051626132601
D0270,H046,Orthopaedics,0.9628229484606223
D0271,H046,General Surgery,0.5659987759122649
D0272,H047,General Medicine,0.7887889638850545
D0273,H047,Oncology,0.8539396602988819
D0274,H047,Cardiology,1.1047499509445797
D0275,H047,General Surgery,0.8649938456175056
D0276,H047,General Surgery,1.0020685778887524
D0277,H048,General Medicine,1.2431232695207737
D0278,H048,Oncology,1.5365244712628354
D0279,H048,Oncology,1.1094620950421699
D0280,H049,General Medicine,1.4701278812395333
D0281,H049,Nephrology,0.9955430279648677
D0282,H049,Nephrology,0.42203073704297583
D0283,H049,Urology,1.6887942095481616
D0284,H049,Obstetrics,0.57441595348026
D0285,H049,Orthopaedics,0.7701220919610378
D0286,H050,General Medicine,0.5594133243658144
D0287,H050,General Medicine,0.6359199385551002
D0288,H050,Orthopaedics,1.6236957780009498
D0289,H051,General Medicine,0.7171065384850749
D0290,H052,General Medicine,0.6756560415290721
D0291,H052,Cardiology,0.5672895061474792
D0292,H053,General Medicine,1.3440136044740365
D0293,H053,General Medicine,0.601692798928611
D0294,H053,General Medicine,0.7701890769701802
D0295,H053,General Surgery,0.9652599884350892
D0296,H053,General Surgery,1.0225803016597845
D0297,H053,Cardiology,0.5237439130529912
D0298,H053,Cardiology,0.6659857451695789
D0299,H053,Urology,1.8362789390559298
D0300,H054,General Medicine,1.4766333165218688
D0301,H054,Ophthalmology,1.4541287775838274
D0302,H055,General Medicine,0.9262459451112074
D0303,H055,Oncology,0.5355980503184615
D0304,H056,General Medicine,1.4103335578368197
D0305,H056,General Medicine,1.3139737141972392
D0306,H056,Urology,1.320893409242042
D0307,H057,General Medicine,1.2030415352869248
D0308,H057,General Medicine,1.3968348317930885
D0309,H057,General Medicine,0.7154520387444252
D0310,H057,Nephrology,0.7321270204902557
D0311,H057,Cardiology,0.5698029512111028
D0312,H058,General Medicine,1.7037685425768068
D0313,H058,Urology,2.68075367223806
D0314,H058,Obstetrics,4.553431878007517
D0315,H059,General Medicine,1.1360946958844595
D0316,H059,Orthopaedics,1.204618332227348
D0317,H059,Oncology,0.9446335575049957
D0318,H059,Obstetrics,1.127017364114762
D0319,H060,General Medicine,1.2327525778716717
D0320,H060,General Medicine,0.9351824730382478
D0321,H060,Obstetrics,0.678251440176495
D0322,H060,Oncology,0.8765700785655478
D0323,H060,Orthopaedics,0.7053150265072498
D0324,H060,Ophthalmology,1.3143385250665336
D0325,H060,General Surgery,1.4025714135747356
D0326,H061,General Medicine,1.1855659099742646
D0327,H061,Nephrology,0.7335778944215785
D0328,H061,Ophthalmology,0.5520070686293189
D0329,H062,General Medicine,0.41451558635748387
D0330,H062,General Medicine,1.5396325114532705
D0331,H062,General Medicine,1.0925997137640053
D0332,H062,General Medicine,1.368280442577639
D0333,H062,General Medicine,1.209263684921887
D0334,H062,General Surgery,0.7004536495280921
D0335,H062,General Surgery,1.3263869154436412
D0336,H062,Cardiology,0.5046091354036055
D0337,H062,Oncology,0.8363964714819542
D0338,H062,Oncology,0.5060977657433693
D0339,H062,Nephrology,1.044070397886137
D0340,H062,Nephrology,0.5541625798375049
D0341,H062,Ophthalmology,0.9019259305435918
D0342,H062,Ophthalmology,1.6692565820652776
D0343,H062,Ophthalmology,0.8112863576177843
D0344,H062,Urology,1.2392206767735618
D0345,H062,Urology,0.8424657027764609
D0346,H062,Urology,1.2710524591817995
D0347,H062,Urology,1.1737746553268709
D0348,H062,Orthopaedics,0.7602007248468489
D0349,H062,Obstetrics,1.6627760487400112
D0350,H062,Obstetrics,1.2625890143341538
D0351,H062,Obstetrics,0.5176465855678118
D0352,H062,Obstetrics,1.8296622971362495
D0353,H063,General Medicine,1.6502338163877872
D0354,H063,Oncology,0.39769884714283793
D0355,H063,Oncology,1.1360314694931448
D0356,H063,Oncology,0.7437953093339413
D0357,H063,Orthopaedics,0.9691136946982061
D0358,H063,Ophthalmology,0.48365725527477116
D0359,H063,Ophthalmology,0.7989644637277382
D0360,H063,Ophthalmology,2.127473959760979
D0361,H063,Urology,1.5447785914607857
D0362,H064,General Medicine,1.7309385114842648
D0363,H064,General Medicine,1.4486627412581379
D0364,H065,General Medicine,0.562256702868882
D0365,H066,General Medicine,0.6528900390889444
D0366,H066,Nephrology,1.1378301750429525
D0367,H066,General Surgery,1.1835025895697053
D0368,H067,General Medicine,1.5467784365670831
D0369,H067,General Medicine,1.0973709666003566
D0370,H067,Oncology,0.49530468508935815
D0371,H067,Oncology,1.621035010328412
D0372,H067,Orthopaedics,1.1864928001225132
D0373,H067,Urology,2.2753886093610163
D0374,H068,General Medicine,0.8447497265837401
D0375,H068,Urology,1.1796995227266707
D0376,H068,Urology,2.2388340987478728
D0377,H068,Ophthalmology,0.25291098426390124
D0378,H068,Ophthalmology,0.9807236119522958
D0379,H068,Orthopaedics,0.8494876798403111
D0380,H068,Orthopaedics,0.9150846141083169
D0381,H068,Orthopaedics,0.8281206377910167
D0382,H069,General Medicine,0.5677959203175938
D0383,H069,Oncology,0.34820101960354016
D0384,H069,Nephrology,0.8188453603610423
D0385,H069,Urology,1.4685887163677827
D0386,H069,Ophthalmology,1.9198687965178327
D0387,H070,General Medicine,1.656239882189473
D0388,H070,Oncology,1.7102317983090574
D0389,H070,General Surgery,0.5979476202215489
D0390,H070,Cardiology,1.1487473523322855
D0391,H070,Orthopaedics,1.3191357047276984
D0392,H071,General Medicine,1.3636790033873307
D0393,H072,General Medicine,0.969997749729429
D0394,H072,Oncology,1.0787148705034275
D0395,H072,General Surgery,1.599530599514093
D0396,H072,General Surgery,1.629046663842519
D0397,H072,Urology,1.4219192409121906
D0398,H072,Urology,0.603817675244943
D0399,H072,Urology,0.8009547557550761
D0400,H072,Orthopaedics,0.9165970905297024
D0401,H072,Orthopaedics,1.0715559089058226
D0402,H072,Ophthalmology,0.7153398400495843
D0403,H072,Ophthalmology,1.7640942146547758
D0404,H072,Ophthalmology,1.472476372323997
D0405,H073,General Medicine,0.8550657012297355
D0406,H073,Ophthalmology,1.5762533718748797
D0407,H073,Ophthalmology,1.1525224793849045
D0408,H073,Nephrology,1.0095408195027709
D0409,H073,Nephrology,0.9828098411458852
D0410,H073,Nephrology,0.38954088463023623
D0411,H073,Nephrology,0.8197616370836348
D0412,H073,Oncology,0.8687629324393167
D0413,H074,General Medicine,1.2763388235890138
D0414,H075,General Medicine,0.4430728360559295
D0415,H075,Obstetrics,1.4652959016921199
D0416,H076,General Medicine,0.8903117295252527
D0417,H076,General Medicine,1.1369135637388466
D0418,H076,General Medicine,1.0928572080774
D0419,H076,Cardiology,0.6322158089720438
D0420,H076,Urology,0.6684062822907129
D0421,H076,Urology,0.8414922849360167
D0422,H076,Urology,0.2587458844499039
D0423,H076,Nephrology,1.8774696523743566
D0424,H076,Oncology,0.6006203422756088
D0425,H077,General Medicine,0.9724148977853713
D0426,H077,Nephrology,1.113773706251747
D0427,H077,Obstetrics,1.274870340348948
D0428,H078,General Medicine,1.0151163832952341
D0429,H078,Nephrology,1.1636375788782656
D0430,H078,Ophthalmology,0.4638768567001668
D0431,H078,Ophthalmology,0.47778044039593076
D0432,H079,General Medicine,0.9958686157813452
D0433,H079,General Surgery,1.366982786226389
D0434,H080,General Medicine,0.6172344383157568
D0435,H080,Oncology,1.1763805092305075
D0436,H080,Oncology,2.557907562814718
D0437,H081,General Medicine,0.9639273687839267
D0438,H082,General Medicine,0.9883568328368381
D0439,H082,Orthopaedics,0.4608749236126052
D0440,H083,General Medicine,0.5845860983457765
D0441,H083,Ophthalmology,0.5924161941893424
D0442,H083,Ophthalmology,1.3389601063445302
D0443,H083,Urology,0.6363925781734201
D0444,H084,General Medicine,0.39490054481755243
D0445,H085,General Medicine,0.7001059901885716
D0446,H085,General Medicine,1.692027358304079
D0447,H085,General Medicine,0.4686748845851146
D0448,H085,General Surgery,1.4259395543201954
D0449,H085,Urology,0.832482397514575
D0450,H086,General Medicine,0.9800308842561444
D0451,H086,General Medicine,0.3336736454026454
D0452,H086,Obstetrics,0.8360797006084185
D0453,H086,Obstetrics,0.5752689599717933
D0454,H086,Urology,1.6035307780652968
D0455,H086,Urology,1.070687688438672
D0456,H086,Orthopaedics,0.9439637656641462
D0457,H086,Orthopaedics,1.7025993166714537
D0458,H086,Nephrology,1.206385548393931
D0459,H086,Nephrology,1.209751088445888
D0460,H086,General Surgery,2.55631875601497
D0461,H086,Ophthalmology,0.5274891481412339
D0462,H086,Ophthalmology,1.300958120874643
D0463,H086,Ophthalmology,0.7220310430974411
D0464,H086,Ophthalmology,1.051360267917384
D0465,H086,Ophthalmology,0.8675783079711954
D0466,H086,Oncology,1.0235291281888628
D0467,H086,Oncology,1.032505998668322
D0468,H087,General Medicine,1.7384660531384764
D0469,H087,General Surgery,0.8100424402459676
D0470,H087,Obstetrics,0.764028988358108
D0471,H088,General Medicine,0.45354744704938266
D0472,H089,General Medicine,2.6390881759251252
D0473,H090,General Medicine,0.6550451803522792
D0474,H090,General Medicine,1.125426574380639
D0475,H090,Ophthalmology,0.8923625589236192
D0476,H090,Orthopaedics,0.4934565289114812
D0477,H090,Orthopaedics,0.5181375389444401
D0478,H090,Oncology,1.2785495801949878
D0479,H090,Obstetrics,0.38751814728850603
D0480,H090,Obstetrics,2.0350857773433297
D0481,H091,General Medicine,0.4617877205767823
D0482,H091,Orthopaedics,1.7293769614389574
D0483,H092,General Medicine,0.5196771496954756
D0484,H092,General Surgery,0.8945709260661919
D0485,H092,General Surgery,1.7664614852136242
D0486,H092,Ophthalmology,0.77921461144047
D0487,H093,General Medicine,1.6280384863145756
D0488,H093,Obstetrics,1.4426104410447438
D0489,H093,Obstetrics,1.1419808297773875
D0490,H093,Obstetrics,1.045771091465212
D0491,H094,General Medicine,0.5454281772048843
D0492,H094,Urology,0.8684830230174648
D0493,H094,Ophthalmology,2.0552680944020523
D0494,H094,Oncology,1.6515894800170643
D0495,H095,General Medicine,0.8907215638407427
D0496,H095,General Surgery,1.9368596938658194
D0497,H095,General Surgery,1.3742686093596757
D0498,H095,Urology,2.279727870757222
D0499,H095,Urology,0.9133688179312008
D0500,H095,Obstetrics,1.3138206496736453
D0501,H096,General Medicine,1.2909184923733579
D0502,H096,General Surgery,0.731387361565584
D0503,H096,Nephrology,0.8587830896252185
D0504,H096,Nephrology,1.2501087038618177
D0505,H096,Nephrology,0.9704007738697875
D0506,H096,Nephrology,1.0063090700429194
D0507,H096,Orthopaedics,0.6951109051939587
D0508,H097,General Medicine,0.8554444698827796
D0509,H097,Orthopaedics,0.6311398061632081
D0510,H097,Obstetrics,1.2121088056939904
D0511,H097,Oncology,0.4629310352546222
D0512,H098,General Medicine,0.9108481620004839
D0513,H098,General Medicine,1.9222565390670703
D0514,H099,General Medicine,1.2656998735650327
D0515,H099,Ophthalmology,0.8458053584195879
D0516,H099,Ophthalmology,1.5396363109365527
D0517,H099,Oncology,1.1924398198457975
D0518,H099,Oncology,0.9258744299951853
D0519,H099,Obstetrics,0.8752912966268187
D0520,H100,General Medicine,2.2316510471121602
D0521,H100,Nephrology,1.3287280786271445
D0522,H100,Nephrology,0.6898097615177281
D0523,H100,Orthopaedics,1.6768293535713845
D0524,H101,General Medicine,1.5895134399461952
D0525,H101,Obstetrics,0.8996285693717396
D0526,H102,General Medicine,1.3372287908053733
D0527,H102,Nephrology,1.4317003650704994
D0528,H102,Cardiology,0.5336434303756918
D0529,H102,Ophthalmology,1.9949909376086674
D0530,H103,General Medicine,0.5514678463940715
D0531,H103,General Medicine,1.2780090677905533
D0532,H103,Nephrology,1.4374259677382866
D0533,H103,General Surgery,1.1991722650042946
D0534,H103,Urology,0.9777470131487181
D0535,H103,Orthopaedics,0.38714043940956516
D0536,H103,Oncology,0.5123374204709752
D0537,H103,Oncology,1.3805864113322994
D0538,H103,Oncology,2.7934364692506755
D0539,H104,General Medicine,0.9696378190778207
D0540,H104,Nephrology,2.762589632179033
D0541,H104,Urology,1.1069444443523893
D0542,H104,General Surgery,0.7607105407554705
D0543,H105,General Medicine,2.4608216551726394
D0544,H105,General Medicine,1.2511599390997081
D0545,H106,General Medicine,3.47769400993367
D0546,H106,Orthopaedics,0.7515872636919527
D0547,H107,General Medicine,1.622750901039013
D0548,H107,General Medicine,3.349807119994035
D0549,H107,Ophthalmology,1.4963818710864687
D0550,H107,Ophthalmology,0.43872233051137716
D0551,H107,Ophthalmology,2.0834827892199055
D0552,H107,Oncology,1.3806526799287466
D0553,H107,Oncology,0.6819849761266533
D0554,H107,Cardiology,0.7931663496192816
D0555,H108,General Medicine,1.068652503552997
D0556,H109,General Medicine,1.5386097471526308
D0557,H109,Orthopaedics,0.7042146456667729
D0558,H109,Obstetrics,0.8756662644293534
D0559,H109,Oncology,0.7306734611506583
D0560,H110,General Medicine,1.6922135131231597
D0561,H110,Urology,2.748497710797731
D0562,H111,General Medicine,1.8135755514272218
D0563,H111,General Medicine,0.7215178601204466
D0564,H111,General Medicine,0.9383552648641077
D0565,H111,General Medicine,0.9178466816676307
D0566,H111,General Medicine,0.5244667386745265
D0567,H111,Obstetrics,1.125997209977489
D0568,H111,Obstetrics,0.5101601086909398
D0569,H111,Urology,2.298801797024814
D0570,H111,General Surgery,2.037141449121075
D0571,H111,General Surgery,0.8215795847874782
D0572,H111,General Surgery,1.9811961210861473
D0573,H111,General Surgery,1.026162234172555
D0574,H111,Oncology,1.4326795800543444
D0575,H111,Oncology,1.36567052226234
D0576,H111,Oncology,1.1900165785623031
D0577,H112,General Medicine,2.6057416724249167
D0578,H112,Ophthalmology,1.0074707051117442
D0579,H112,Ophthalmology,1.2228942394924571
D0580,H112,Obstetrics,1.1704322825011246
D0581,H112,General Surgery,0.4534019415489937
D0582,H113,General Medicine,0.4201292482046574
D0583,H113,General Medicine,1.0708327966226605
D0584,H113,Oncology,1.3012808141017913
D0585,H113,General Surgery,0.3804903320782653
D0586,H113,Obstetrics,2.682530910314737
D0587,H114,General Medicine,1.357195604905476
D0588,H114,Ophthalmology,1.0406404798772844
D0589,H115,General Medicine,1.3241497790799175
D0590,H115,General Surgery,0.7991993325289594
D0591,H116,General Medicine,1.23830129999465
D0592,H116,General Medicine,3.7182103154331902
D0593,H116,General Medicine,1.9641999762124955
D0594,H116,Cardiology,0.9580994955171149
D0595,H116,Obstetrics,1.8991310283442522
D0596,H116,Obstetrics,0.6737622062348619
D0597,H116,Ophthalmology,0.9205120038281354
D0598,H116,Nephrology,0.6403344075226463
D0599,H116,Nephrology,0.6903826361912814
D0600,H116,Nephrology,0.6766537983083784
D0601,H116,Orthopaedics,0.8904192629199531
D0602,H116,General Surgery,1.347799076925066
D0603,H116,Oncology,1.265193630158799
D0604,H116,Oncology,1.3966812989396349
D0605,H116,Urology,1.041127111962615
D0606,H117,General Medicine,0.6502869697604037
D0607,H117,Orthopaedics,1.2491596325612726
D0608,H118,General Medicine,1.1507652712989949
D0609,H118,Orthopaedics,1.5960859971649113
D0610,H118,Orthopaedics,1.577141454750714
D0611,H118,Urology,2.000698490732882
D0612,H118,Cardiology,1.371888278444444
D0613,H118,General Surgery,1.1314537991399414
D0614,H118,Ophthalmology,1.420026337778376
D0615,H118,Nephrology,0.8000327359822225
D0616,H118,Nephrology,0.783479837987813
D0617,H118,Nephrology,2.1645765189371127
D0618,H118,Oncology,0.7889595422637976
D0619,H119,General Medicine,0.6846785216977448
D0620,H119,Orthopaedics,1.3714963219305552
D0621,H120,General Medicine,0.8324855648267968
D0622,H120,Obstetrics,1.5683119223507216
D0623,H120,Ophthalmology,1.914915440530543
D0624,H120,Orthopaedics,0.7291266400715183
D0625,H121,General Medicine,1.4606599884597842
D0626,H121,General Surgery,0.7800772299864109
D0627,H121,Orthopaedics,0.930150427116179
D0628,H122,General Medicine,0.4092769155421546
D0629,H122,General Medicine,0.80086672847773
D0630,H122,Cardiology,1.1636063926351796
D0631,H122,Nephrology,0.9680003439751397
D0632,H122,Urology,1.2499086918470683
D0633,H122,Urology,1.5900618083564764
D0634,H123,General Medicine,0.5107119962197947
D0635,H123,General Medicine,1.233901453533774
D0636,H123,Cardiology,0.6261529319225867
D0637,H123,Cardiology,0.6355811322912884
D0638,H123,Urology,0.38950413198817424
D0639,H123,Urology,1.2062954863811313
D0640,H123,General Surgery,0.6233617466766991
D0641,H123,Ophthalmology,2.4903904586939385
D0642,H123,Oncology,1.0215399682603845
D0643,H123,Oncology,2.4366239734662147
D0644,H124,General Medicine,0.7878543734127453
D0645,H124,Oncology,0.8291165220555634
D0646,H124,Obstetrics,0.47779596811805897
D0647,H125,General Medicine,0.4361371943615478
D0648,H125,General Medicine,0.589950354535489
D0649,H125,Obstetrics,0.9753560496250288
D0650,H126,General Medicine,0.6877190981521141
D0651,H126,Nephrology,1.6346980415584103
D0652,H126,Nephrology,0.2691266097085073
D0653,H126,Ophthalmology,1.082797663684476
D0654,H126,Cardiology,1.2234663754554007
D0655,H126,Obstetrics,0.8586156195313764
D0656,H127,General Medicine,1.776013373936669
D0657,H127,General Medicine,0.6935000504690437
D0658,H127,Cardiology,0.8605753264865327
D0659,H127,Cardiology,1.6151104234741969
D0660,H127,Cardiology,1.8514881138913588
D0661,H127,Oncology,0.9000009235079743
D0662,H127,Ophthalmology,0.879931190552296
D0663,H127,General Surgery,1.1248445570345051
D0664,H127,General Surgery,0.5697191521010732
D0665,H127,Obstetrics,0.9149252942718411
D0666,H127,Obstetrics,0.6788290178491835
D0667,H128,General Medicine,1.1513144323777356
D0668,H128,Nephrology,0.9333047120286273
D0669,H128,General Surgery,0.500889838579819
D0670,H128,General Surgery,0.9569886910248272
D0671,H128,Obstetrics,2.5224524353717888
D0672,H129,General Medicine,0.31127188478737516
D0673,H130,General Medicine,3.9343751113568914
D0674,H130,General Surgery,0.6666804242778653
D0675,H130,Ophthalmology,0.6900393096924189
D0676,H131,General Medicine,1.0468265136291963
D0677,H131,General Medicine,0.3921629835589967
D0678,H131,Urology,1.0051811576059793
D0679,H132,General Medicine,0.544801285997861
D0680,H132,General Medicine,1.4291171475465654
D0681,H132,General Surgery,0.42406050129798006
D0682,H132,General Surgery,0.5791017196739888
D0683,H132,Oncology,1.1706059468774446
D0684,H132,Oncology,1.3250218635456192
D0685,H132,Urology,0.598577526886319
D0686,H132,Cardiology,0.5455532508823386
D0687,H132,Obstetrics,1.2224712927277355
D0688,H132,Nephrology,0.5215702134528993
D0689,H132,Nephrology,1.15973497601001
D0690,H132,Ophthalmology,1.1756949831788517
D0691,H132,Ophthalmology,1.855012522104147
D0692,H133,General Medicine,1.0284693923069728
D0693,H133,General Surgery,0.8131801385284355
D0694,H133,Obstetrics,0.6956357451302051
D0695,H133,Ophthalmology,0.49324036803288024
D0696,H133,Oncology,0.5896811972576347
D0697,H133,Cardiology,0.4496664172977228
D0698,H133,Nephrology,1.3787241923367057
D0699,H133,Nephrology,1.392726121466747
D0700,H133,Nephrology,0.46712559599230274
D0701,H133,Nephrology,0.8908939876086197
D0702,H133,Orthopaedics,3.3979045386269644
D0703,H134,General Medicine,0.5921945244728934
D0704,H134,Obstetrics,0.47315595116030906
D0705,H134,General Surgery,0.7883015697117939
D0706,H134,General Surgery,0.5167419940532628
D0707,H134,Nephrology,0.8851002537991467
D0708,H135,General Medicine,0.7220592619604562
D0709,H135,Obstetrics,1.2184585440752733
D0710,H135,Urology,0.576482142892685
D0711,H135,Urology,1.3950308767555966
D0712,H135,Oncology,1.559209188714044
D0713,H135,Nephrology,0.49121123270614975
D0714,H135,Cardiology,0.6853878754986936
D0715,H136,General Medicine,1.4588170797824092
D0716,H136,Urology,1.1099609016184226
D0717,H136,Urology,1.8218726308632835
D0718,H136,Urology,1.2647363353070835
D0719,H136,Ophthalmology,2.09641033322188
D0720,H137,General Medicine,0.8588420053805751
D0721,H137,Obstetrics,1.1039183517321154
D0722,H137,Orthopaedics,1.8561886470367661
D0723,H137,General Surgery,1.923137201874036
D0724,H137,Nephrology,0.9726541691120442
D0725,H138,General Medicine,0.6952406834790891
D0726,H139,General Medicine,0.8155721513890337
D0727,H139,General Medicine,1.0130656763879835
D0728,H139,Urology,1.924685962864291
D0729,H139,Urology,1.9544859163635864
D0730,H139,Urology,1.294979980657886
D0731,H139,Urology,0.7964756932719065
D0732,H139,Urology,0.887155029315855
D0733,H139,Cardiology,0.5960918605567865
D0734,H139,Cardiology,0.4575575731324878
D0735,H139,Cardiology,1.1159447269131264
D0736,H139,Cardiology,1.1244542315655952
D0737,H139,Orthopaedics,1.1692427179495106
D0738,H139,Orthopaedics,0.880805208195399
D0739,H139,Orthopaedics,1.4508749588940835
D0740,H139,Ophthalmology,1.177867438130363
D0741,H139,Nephrology,0.6683395746606314
D0742,H139,Nephrology,0.7327111194409336
D0743,H139,Nephrology,0.5700758360995192
D0744,H140,General Medicine,1.819049177252478
D0745,H140,Orthopaedics,0.5962736519266308
D0746,H140,Orthopaedics,0.8585923050226737
D0747,H140,Ophthalmology,0.7122017243930989
D0748,H140,Ophthalmology,1.6583617323870359
D0749,H140,General Surgery,1.1349655013075506
D0750,H140,General Surgery,1.564567145065873
D0751,H140,General Surgery,1.1464390135002773
D0752,H140,Obstetrics,1.264716972184117
D0753,H140,Obstetrics,0.6576978877748421
D0754,H140,Obstetrics,1.7916628466951947
D0755,H140,Obstetrics,1.1981758328541914
D0756,H140,Oncology,1.4098408615696034
D0757,H140,Cardiology,1.6221869500074084
D0758,H140,Cardiology,0.8517264087674696
D0759,H140,Cardiology,1.002596589644098
D0760,H140,Cardiology,1.1026214246037658
D0761,H140,Nephrology,0.5074790115518105
D0762,H140,Urology,0.6173190921969358
D0763,H140,Urology,0.7247619615133964
D0764,H141,General Medicine,0.5421829951919135
D0765,H141,General Medicine,0.793881477568931
D0766,H141,General Medicine,1.3412859673210629
D0767,H141,Orthopaedics,1.0841878628237178
D0768,H141,Orthopaedics,3.0024359026211016
D0769,H141,Cardiology,0.9167860082174146
D0770,H141,Cardiology,1.0471671374421836
D0771,H141,Ophthalmology,0.9844448996329356
D0772,H141,Nephrology,0.7534484800577866
D0773,H141,Nephrology,0.9152968930681034
D0774,H141,Nephrology,1.0309775478195957
D0775,H141,Nephrology,1.560032615262217
D0776,H141,General Surgery,1.2208552071684426
D0777,H142,General Medicine,1.3311561652567818
D0778,H142,Ophthalmology,1.5417351479319479
D0779,H142,Oncology,1.342277517910435
D0780,H142,Obstetrics,1.1302847741790285
D0781,H143,General Medicine,0.7217782756425376
D0782,H143,Oncology,1.0949576634173173
D0783,H143,Cardiology,0.6622890084671577
D0784,H144,General Medicine,0.9540879823369847
D0785,H144,Oncology,0.8960160128976186
D0786,H144,Urology,0.9229811461341206
D0787,H144,Cardiology,0.5444935680526148
D0788,H144,Orthopaedics,0.8205160748921313
D0789,H144,Orthopaedics,0.7749253412291042
D0790,H144,Orthopaedics,1.7399191902134283
D0791,H144,Nephrology,1.6704529781561512
D0792,H144,Nephrology,0.9901697064201482
D0793,H144,Nephrology,0.6642245430288468
D0794,H144,General Surgery,0.8019915182274115
D0795,H144,Obstetrics,1.031284562333024
D0796,H144,Obstetrics,0.6820326437417694
D0797,H145,General Medicine,1.317818144458757
D0798,H145,Obstetrics,1.5050946748983065
D0799,H145,Obstetrics,1.2437608419724275
D0800,H145,Oncology,1.3264024158733552
D0801,H146,General Medicine,2.522388225309909
D0802,H146,General Medicine,0.8387524331258448
D0803,H146,Nephrology,1.8931373784107444
D0804,H146,Nephrology,2.0841932967048242
D0805,H146,Obstetrics,1.3221478731424123
D0806,H146,Obstetrics,0.7251390968393416
D0807,H146,Urology,0.6674336896863404
D0808,H147,General Medicine,1.7567606468437094
D0809,H147,Ophthalmology,0.7024452961482407
D0810,H147,General Surgery,0.7241198937321812
D0811,H148,General Medicine,0.6065352751827494
D0812,H148,Obstetrics,0.956836522364642
D0813,H148,Obstetrics,1.6570382936926606
D0814,H148,Nephrology,0.8985905484393261
D0815,H148,Oncology,0.6816354986371055
D0816,H148,Oncology,1.1911103137233467
D0817,H149,General Medicine,0.5907327688768051
D0818,H149,Orthopaedics,1.996580803981597
D0819,H150,General Medicine,1.1649336628937808
D0820,H150,General Medicine,0.9295478296042685
D0821,H150,Oncology,1.153224487180803
D0822,H150,Oncology,0.8267008128038411
D0823,H151,General Medicine,0.3983126283606855
D0824,H151,Obstetrics,2.7107199053402695
D0825,H151,Ophthalmology,0.42035717084409324
D0826,H152,General Medicine,2.069400642115892
D0827,H152,Cardiology,0.7099069289043517
D0828,H152,Cardiology,0.7558970150392619
D0829,H152,Nephrology,1.9524755231011328
D0830,H152,Orthopaedics,1.2560929763398998
D0831,H153,General Medicine,0.5148054292450505
D0832,H153,Ophthalmology,0.5103106867868241
D0833,H153,General Surgery,0.5662061764960273
D0834,H153,General Surgery,0.5992171850625668
D0835,H153,Nephrology,1.28637108760947
D0836,H154,General Medicine,1.354627782570925
D0837,H154,Ophthalmology,0.688598176107037
D0838,H154,Oncology,0.7745767373583282
D0839,H155,General Medicine,1.1833055708774496
D0840,H155,Nephrology,1.8262300788628612
D0841,H155,Nephrology,1.0404023609925015
D0842,H155,Urology,0.985633333600513
D0843,H155,Urology,1.2118728581848253
D0844,H156,General Medicine,0.8321040939384596
D0845,H156,Nephrology,2.8887893159427684
D0846,H156,Orthopaedics,1.333950173850358
D0847,H156,Orthopaedics,0.6055254441339213
D0848,H156,Urology,0.44056602747283297
D0849,H156,Urology,0.36044012481734455
D0850,H156,Urology,1.1725086530681645
D0851,H156,Cardiology,2.886487559230697
D0852,H156,Cardiology,2.00326856543375
D0853,H156,Cardiology,0.8792737972190718
D0854,H156,Obstetrics,1.5587015398078956
D0855,H157,General Medicine,0.8421746533966975
D0856,H157,Obstetrics,1.319084796492792
D0857,H157,Obstetrics,0.9356271545621735
D0858,H157,Urology,1.9935483968625602
D0859,H157,Urology,1.8308134041122983
D0860,H157,General Surgery,2.2512524916998755
D0861,H157,General Surgery,1.3116130580652876
D0862,H157,General Surgery,5.132090397660385
D0863,H157,Cardiology,0.7084522442762604
D0864,H157,Oncology,2.6513514525280244
D0865,H157,Oncology,0.7159196480951713
D0866,H157,Ophthalmology,1.4223691773993632
D0867,H157,Ophthalmology,0.6184752086587972
D0868,H157,Nephrology,1.3495784168910403
D0869,H157,Nephrology,1.1075759999966162
D0870,H157,Orthopaedics,0.9613969498696864
D0871,H158,General Medicine,0.654252126247626
D0872,H158,General Medicine,0.5919720710959511
D0873,H158,Obstetrics,1.113682282540951
D0874,H158,Obstetrics,1.2845475648947888
D0875,H158,Obstetrics,0.7307671085429062
D0876,H158,General Surgery,0.8747165276411517
D0877,H158,Orthopaedics,1.2727668066040612
D0878,H158,Nephrology,1.6331920281785717
D0879,H158,Nephrology,0.4194919408715469
D0880,H159,General Medicine,0.8313306502079921
D0881,H159,General Medicine,1.1570878607112005
D0882,H159,Nephrology,1.5432456449102343
D0883,H159,Nephrology,0.7149273158814402
D0884,H159,Nephrology,0.7875714780160915
D0885,H159,Urology,1.7842256762237552
D0886,H159,Urology,0.9120536480163409
D0887,H159,Orthopaedics,0.581960087871044
D0888,H159,Cardiology,2.5144603468167706
D0889,H159,Ophthalmology,0.8241124620414437
D0890,H159,Obstetrics,0.8871427997594008
D0891,H159,Oncology,0.6192603154069143
D0892,H159,General Surgery,1.4902287030218193
D0893,H159,General Surgery,0.7930472550475903
D0894,H160,General Medicine,2.3306741909419726
D0895,H160,Cardiology,0.7117457122955295
D0896,H160,Ophthalmology,0.801774493245283
D0897,H160,Ophthalmology,0.4552404831466984
D0898,H161,General Medicine,1.8977461178100428
D0899,H162,General Medicine,1.2530037163257999
D0900,H162,Nephrology,0.7191043151789177
D0901,H163,General Medicine,0.801167740673499
D0902,H163,General Medicine,1.729913112357608
D0903,H163,Cardiology,0.742773837274361
D0904,H163,Oncology,1.0001350611640276
D0905,H164,General Medicine,2.845772457252325
D0906,H165,General Medicine,0.30451742108242036
D0907,H165,Nephrology,1.0191204967450997
D0908,H166,General Medicine,1.1308546278484448
D0909,H166,General Medicine,0.985763172060991
D0910,H166,Cardiology,1.3586915008652172
D0911,H166,General Surgery,0.6226048893935273
D0912,H167,General Medicine,0.6991229053895196
D0913,H167,Ophthalmology,0.4733926417475141
D0914,H168,General Medicine,0.6271228808435085
D0915,H168,Orthopaedics,1.6862925013636
D0916,H168,Cardiology,0.5510439794664881
D0917,H168,Cardiology,2.1474485299180532
D0918,H168,Cardiology,1.6665771844434605
D0919,H168,Cardiology,1.3346463773616624
D0920,H168,Urology,0.7902067133167628
D0921,H168,Urology,1.014625709886123
D0922,H168,Nephrology,1.7522349291272679
D0923,H168,Nephrology,0.9602577141815408
D0924,H169,General Medicine,0.7556600929452598
D0925,H169,Ophthalmology,0.6396218292010161
D0926,H169,Orthopaedics,0.905004002772624
D0927,H169,Orthopaedics,0.5632952094278961
D0928,H169,Orthopaedics,1.0454712810929325
D0929,H169,Obstetrics,0.6870494784964571
D0930,H169,Obstetrics,1.5249620666860548
D0931,H170,General Medicine,0.7993685256968827
D0932,H170,General Surgery,1.1847090952834571
D0933,H170,General Surgery,0.8312286491255948
D0934,H170,Urology,0.33514124136118867
D0935,H171,General Medicine,1.2512647663772896
D0936,H171,Orthopaedics,0.9336876197561419
D0937,H171,Urology,0.4596200833352957
D0938,H171,Nephrology,0.5665718180959034
D0939,H171,Ophthalmology,1.549338035637088
D0940,H172,General Medicine,0.935969080523653
D0941,H172,General Medicine,0.7896068575689035
D0942,H173,General Medicine,2.644233202717588
D0943,H173,Obstetrics,1.2679585439458345
D0944,H174,General Medicine,1.4349601425351286
D0945,H175,General Medicine,0.8679062415063624
D0946,H175,Ophthalmology,1.0954821734115643
D0947,H175,Ophthalmology,1.8973764276335399
D0948,H175,Ophthalmology,0.5840843461115837
D0949,H175,General Surgery,0.5593666537135386
D0950,H175,Obstetrics,0.7927828648840661
D0951,H175,Obstetrics,0.6022789334140503
D0952,H175,Nephrology,0.9760495257742234
D0953,H176,General Medicine,0.709777671882009
D0954,H176,Cardiology,0.9596728449646096
D0955,H176,Orthopaedics,0.7659594167866527
D0956,H176,Oncology,0.9726431580247707
D0957,H176,Nephrology,2.0424889815182383
D0958,H176,Ophthalmology,1.452388016672389
D0959,H177,General Medicine,0.9208830882549458
D0960,H178,General Medicine,1.855212493742713
D0961,H178,Nephrology,1.2014471197197027
D0962,H179,General Medicine,1.4661959654055265
D0963,H179,General Medicine,0.4912197607007586
D0964,H179,Oncology,1.4387387285298328
D0965,H179,Oncology,1.089072014601482
D0966,H179,Cardiology,0.9099441031155285
D0967,H179,Orthopaedics,0.9737718490161593
D0968,H179,Nephrology,1.302667059003716
D0969,H180,General Medicine,1.094534267683745
D0970,H181,General Medicine,1.5279647861244063
D0971,H181,Oncology,1.5053644775238382
D0972,H181,Obstetrics,0.6180188614524738
D0973,H181,Ophthalmology,0.3398928590839968
D0974,H182,General Medicine,0.6004165311390136
D0975,H182,Oncology,0.5834081924665389
D0976,H182,Nephrology,2.014121174231745
D0977,H182,Nephrology,1.003372942663153
D0978,H182,Obstetrics,1.2251565446128214
D0979,H182,Obstetrics,1.3430257933906955
D0980,H182,Obstetrics,3.436996633386982
D0981,H182,Urology,0.8746799011282984
D0982,H182,General Surgery,1.2102721688389773
D0983,H182,General Surgery,0.9736655401819648
D0984,H183,General Medicine,0.7345554799752209
D0985,H183,Obstetrics,0.9940030937066476
D0986,H183,Obstetrics,0.8543038772032087
D0987,H183,General Surgery,0.6646435976551122
D0988,H184,General Medicine,0.6872140005994904
D0989,H184,Urology,1.5580159180910456
D0990,H184,Ophthalmology,1.2921370773021534
D0991,H184,Obstetrics,1.1138799344685242
D0992,H184,Obstetrics,0.9792582754955874
D0993,H184,Obstetrics,1.2405157819275976
D0994,H184,Obstetrics,1.1215300069953567
D0995,H184,Cardiology,2.332365807302511
D0996,H184,Cardiology,0.5914311675358981
D0997,H184,Nephrology,0.8520412216109567
D0998,H184,Oncology,0.6923721832502379
D0999,H184,Oncology,0.615753208281726
D1000,H184,General Surgery,0.5033219118515894
D1001,H185,General Medicine,0.778717121481528
D1002,H185,General Medicine,0.47519578925614264
D1003,H185,General Medicine,1.720826504853044
D1004,H185,General Surgery,1.4895466993020618
D1005,H186,General Medicine,1.454664470354926
D1006,H186,General Medicine,0.604094923406829
D1007,H186,General Surgery,1.3535930868336759
D1008,H186,Cardiology,0.9188142917295535
D1009,H187,General Medicine,0.6877399881470736
D1010,H187,Urology,1.6117392845052236
D1011,H187,Nephrology,0.8654956413006507
D1012,H187,Nephrology,0.41919975464853226
D1013,H188,General Medicine,1.4809319399578917
D1014,H188,Ophthalmology,1.172548533064716
D1015,H188,Orthopaedics,1.0381741438182137
D1016,H189,General Medicine,0.5523012965499946
D1017,H189,General Surgery,1.0989503332285744
D1018,H189,Orthopaedics,2.045696988222701
D1019,H190,General Medicine,2.452519564177986
D1020,H190,General Medicine,0.4726275412953733
D1021,H190,Cardiology,1.2010167437011048
D1022,H190,Ophthalmology,1.1622494064626785
D1023,H191,General Medicine,1.145872895332483
D1024,H191,General Medicine,0.3959770960996777
D1025,H191,General Medicine,0.6166850984889493
D1026,H192,General Medicine,0.2600188088515947
D1027,H192,General Medicine,1.8615606441967045
D1028,H192,Ophthalmology,1.6445681036683895
D1029,H192,Ophthalmology,0.7126463343000609
D1030,H192,Oncology,1.1962316517256477
D1031,H193,General Medicine,2.2519434275632557
D1032,H193,General Surgery,1.2601022008064533
D1033,H193,Oncology,0.533395641899533
D1034,H193,Urology,0.8578238454652579
D1035,H194,General Medicine,0.692784195792602
D1036,H194,Cardiology,0.8924954942471454
D1037,H194,Obstetrics,1.0608301187182023
D1038,H195,General Medicine,1.0935681213958084
D1039,H195,Cardiology,1.249775798677669
D1040,H195,Orthopaedics,1.168459908943373
D1041,H195,Orthopaedics,1.2446279502258077
D1042,H195,Oncology,0.6382604330177041
D1043,H195,Oncology,0.2954756917651133
D1044,H195,Obstetrics,0.8381584076890527
D1045,H195,Obstetrics,1.4927039190648246
D1046,H196,General Medicine,1.9041448975558857
D1047,H196,General Surgery,1.2634011544971924
D1048,H197,General Medicine,0.4259988410880138
D1049,H197,General Medicine,0.7951661938746276
D1050,H197,Orthopaedics,2.1661431585093123
D1051,H197,Ophthalmology,0.8638535021850972
D1052,H197,Urology,1.1993493873214776
D1053,H197,Nephrology,1.5439612244913747
D1054,H198,General Medicine,1.8044640657347717
D1055,H198,General Medicine,2.5734038983654814
D1056,H198,General Surgery,1.0223147800622157
D1057,H198,Oncology,1.321408586462849
D1058,H198,Nephrology,1.0994612086734297
D1059,H198,Obstetrics,1.9127243714558584
D1060,H199,General Medicine,0.8056902784602779
D1061,H199,Urology,2.706059289639148
D1062,H200,General Medicine,0.7167645266903734
D1063,H200,Obstetrics,0.2450792878896441
D1064,H200,Obstetrics,0.6057008836690593
D1065,H201,General Medicine,0.5752258833776975
D1066,H201,General Medicine,0.9792591220978105
D1067,H201,General Surgery,1.5266298950449422
D1068,H201,Urology,1.214431226244831
D1069,H201,Cardiology,1.4822218633730697
D1070,H202,General Medicine,0.596504348172565
D1071,H202,Orthopaedics,0.4572320736186837
D1072,H202,Nephrology,0.5549402193886234
D1073,H203,General Medicine,0.5489758031170112
D1074,H203,Oncology,0.593358869210658
D1075,H204,General Medicine,0.7388024282335166
D1076,H204,Obstetrics,1.5534243180400642
D1077,H204,Obstetrics,0.9905536003797968
D1078,H204,Oncology,0.6585662572404208
D1079,H205,General Medicine,0.6821211050958095
D1080,H205,General Surgery,0.8885851357732392
D1081,H205,Ophthalmology,1.6420528056316193
D1082,H205,Cardiology,0.799290062587911
D1083,H205,Nephrology,0.9589548737322144
D1084,H206,General Medicine,1.035876692956252
D1085,H206,Obstetrics,0.6234623392758594
D1086,H207,General Medicine,0.8358520320074664
D1087,H207,Ophthalmology,3.5266709280003203
D1088,H207,Ophthalmology,1.5571275764246546
D1089,H207,Cardiology,0.27793480898933104
D1090,H207,Cardiology,0.8000646003183249
D1091,H207,Cardiology,1.3219518091455023
D1092,H207,Cardiology,1.0787020209190983
D1093,H208,General Medicine,1.9356728678037542
D1094,H208,Obstetrics,1.4910140572335138
D1095,H209,General Medicine,0.578280146844901
D1096,H210,General Medicine,1.0517450821179395
D1097,H211,General Medicine,0.7329357409427987
D1098,H211,Oncology,0.701538491601052
D1099,H211,General Surgery,0.9071003560676876
D1100,H211,General Surgery,0.7434431823558934
D1101,H212,General Medicine,1.1578193052842136
D1102,H213,General Medicine,0.6896574845937089
D1103,H213,Urology,1.1978167824544346
D1104,H213,Oncology,0.9541390024637187
D1105,H213,Cardiology,1.0040026437206524
D1106,H213,Nephrology,0.782762378882922
D1107,H214,General Medicine,1.4371500658077578
D1108,H214,General Medicine,1.333322124649785
D1109,H214,Oncology,0.8400503210077226
D1110,H214,Obstetrics,1.3176688261599894
D1111,H214,General Surgery,0.6431143339375125
D1112,H214,General Surgery,0.7469465200414745
D1113,H214,General Surgery,2.266445184843748
D1114,H214,Nephrology,0.8361020090508947
D1115,H214,Urology,1.0804699898502967
D1116,H214,Ophthalmology,0.6355675023376985
D1117,H214,Cardiology,1.1315080295188191
D1118,H214,Cardiology,1.758992419990242
D1119,H214,Orthopaedics,0.5892955738296024
D1120,H215,General Medicine,0.8493264403200025
D1121,H215,Orthopaedics,0.8642554798842622
D1122,H215,General Surgery,0.32616492178245654
D1123,H216,General Medicine,0.6766702188194033
D1124,H216,General Medicine,1.5681756166389644
D1125,H217,General Medicine,0.8734216258777917
D1126,H217,General Medicine,0.9455595435722781
D1127,H217,Obstetrics,1.1345370216743402
D1128,H217,Obstetrics,1.4573300554558875
D1129,H217,Obstetrics,0.5405705766674186
D1130,H217,Urology,0.4171710227590349
D1131,H217,Orthopaedics,1.2874116862076905
D1132,H217,Orthopaedics,0.4893148561100813
D1133,H217,Nephrology,1.532947465679266
D1134,H217,Nephrology,0.6104921291998423
D1135,H217,Nephrology,0.7609693641752684
D1136,H217,Ophthalmology,1.162487808864391
D1137,H217,Ophthalmology,2.232630697828914
D1138,H218,General Medicine,1.2020218551240465
D1139,H218,General Surgery,1.698723022239593
D1140,H219,General Medicine,2.2265149533554123
D1141,H220,General Medicine,0.2657732509825735
D1142,H220,Urology,1.386765296641699
D1143,H220,Oncology,1.4297547205897745
D1144,H221,General Medicine,0.5204865736327582
D1145,H221,Urology,1.0159080404024337
D1146,H221,Oncology,1.847153071118651
D1147,H222,General Medicine,1.1695075978265395
D1148,H223,General Medicine,1.0059732774203738
D1149,H223,General Medicine,2.6928496957838717
D1150,H223,General Medicine,1.335939655358364
D1151,H223,Orthopaedics,0.21113785184320238
D1152,H223,Ophthalmology,1.7693866918406589
D1153,H223,Ophthalmology,0.6438052790282313
D1154,H223,Oncology,0.8081215609024702
D1155,H223,Oncology,1.0127115288379684
D1156,H223,Oncology,1.3117185835642644
D1157,H223,Oncology,0.992858619457879
D1158,H223,Nephrology,0.5146863449800747
D1159,H223,Nephrology,2.6871675515589706
D1160,H223,Obstetrics,0.967633711490809
D1161,H223,Obstetrics,1.0341610877646377
D1162,H223,General Surgery,0.9803152104531647
D1163,H223,General Surgery,1.0913436718335068
D1164,H224,General Medicine,0.929002214182186
D1165,H224,General Medicine,1.3368435956630536
D1166,H224,Oncology,0.7145102520425098
D1167,H224,Oncology,2.085193970324413
D1168,H224,Ophthalmology,0.7974712701781982
D1169,H224,Ophthalmology,0.8844625712125851
D1170,H224,Ophthalmology,1.9001304912411232
D1171,H224,Obstetrics,0.5179731988996195
D1172,H224,Orthopaedics,0.580566423427736
D1173,H225,General Medicine,0.44608729070404096
D1174,H225,Obstetrics,0.601099763799713
D1175,H225,Obstetrics,1.8225018499376269
D1176,H225,Nephrology,1.098267387865035
D1177,H225,Cardiology,0.46392031355973234
D1178,H226,General Medicine,0.9786268009711666
D1179,H226,General Surgery,1.3706789228896037
D1180,H226,General Surgery,0.6915786251452694
D1181,H226,Urology,0.9042993068437601
D1182,H226,Urology,2.769215171541773
D1183,H226,Ophthalmology,1.832854254323935
D1184,H226,Ophthalmology,0.480491496693179
D1185,H226,Oncology,1.3466809775863218
D1186,H226,Oncology,1.395347713574453
D1187,H226,Oncology,1.2894137561850334
D1188,H226,Oncology,0.6471437452919209
D1189,H226,Nephrology,0.8467935722498413
D1190,H226,Nephrology,2.9350778087776503
D1191,H227,General Medicine,0.55224511188476
D1192,H227,Urology,0.5086994221790689
D1193,H228,General Medicine,0.8007914514121629
D1194,H228,General Medicine,1.5975712349519542
D1195,H228,General Surgery,0.5772601296443197
D1196,H228,General Surgery,0.7628779831519684
D1197,H228,Cardiology,0.870068599753587
D1198,H228,Cardiology,1.246923535764577
D1199,H228,Urology,1.8033912224694801
D1200,H228,Urology,1.322713136597599
D1201,H228,Urology,0.48016715469980625
D1202,H228,Urology,0.5763336603076097
D1203,H228,Ophthalmology,0.6521912326390247
D1204,H229,General Medicine,1.359778779032539
D1205,H229,Orthopaedics,1.1665930109496652
D1206,H229,Cardiology,1.012968467402284
D1207,H229,Cardiology,1.0957777408541916
D1208,H229,Cardiology,2.8665813394828197
D1209,H229,General Surgery,1.4807229661200747
D1210,H230,General Medicine,0.7737570259797616
D1211,H230,Urology,0.678613480269657
D1212,H230,General Surgery,1.1953684026482885
D1213,H231,General Medicine,1.8192209400838366
D1214,H231,General Surgery,0.974655280295198
D1215,H231,General Surgery,1.1509678855012124
D1216,H232,General Medicine,1.0980885575980006
D1217,H232,General Medicine,0.5181309318262493
D1218,H232,General Medicine,0.49283374811015224
D1219,H232,Urology,1.4074989918195853
D1220,H232,Urology,0.6340320686439117
D1221,H232,Urology,2.3767033383412794
D1222,H232,Urology,1.307544193131799
D1223,H232,Urology,0.8245484405313355
D1224,H232,Nephrology,0.6207757289116733
D1225,H232,Nephrology,1.203584339627048
D1226,H232,Nephrology,0.7704271569393024
D1227,H232,Nephrology,0.8761575467201743
D1228,H232,Oncology,1.5251619411605102
D1229,H232,Oncology,1.759421737903678
D1230,H232,Oncology,0.6604002481997633
D1231,H232,Oncology,0.962020581729484
D1232,H232,Oncology,0.40213029949509027
D1233,H232,Oncology,1.7533899968080657
D1234,H232,Orthopaedics,0.6363257997321197
D1235,H232,Orthopaedics,0.7177207444952474
D1236,H232,Orthopaedics,1.3679157005484301
D1237,H232,Orthopaedics,1.1357316431335245
D1238,H232,Obstetrics,0.9147982467176757
D1239,H232,Obstetrics,0.49324251989842965
D1240,H232,Obstetrics,1.6397311749517283
D1241,H232,Obstetrics,0.25425801550551896
D1242,H232,Obstetrics,0.7999687796492035
D1243,H232,Obstetrics,0.7333741818906893
D1244,H232,Obstetrics,1.0769031182578572
D1245,H232,General Surgery,0.4249559818277824
D1246,H232,General Surgery,2.586408225509882
D1247,H232,General Surgery,0.48705045205326747
D1248,H232,General Surgery,1.2333679968668825
D1249,H232,General Surgery,1.215286646605195
D1250,H232,Cardiology,1.2390858546222774
D1251,H232,Cardiology,1.7138448063562168
D1252,H232,Cardiology,0.8422925479878767
D1253,H232,Cardiology,1.4774838579053804
D1254,H232,Cardiology,1.0251821793232132
D1255,H232,Cardiology,0.6399494407231938
D1256,H232,Cardiology,0.8789950201946864
D1257,H232,Ophthalmology,0.45143456297359447
D1258,H232,Ophthalmology,0.4379007477390191
D1259,H232,Ophthalmology,1.2365710001663577
D1260,H232,Ophthalmology,0.6652161760420856
D1261,H233,General Medicine,1.477668915617624
D1262,H233,Nephrology,0.49372893484198516
D1263,H233,Urology,1.192182178743163
D1264,H233,Urology,0.8108920602696376
D1265,H233,Oncology,0.7747457062394288
D1266,H234,General Medicine,1.5553585332257123
D1267,H234,Oncology,1.7276589674559675
D1268,H235,General Medicine,0.5935255050969627
D1269,H235,Cardiology,0.9414026939876101
D1270,H235,Cardiology,0.9184575467739123
D1271,H235,Orthopaedics,1.7877059047701018
D1272,H235,Orthopaedics,1.507269366947657
D1273,H235,Ophthalmology,0.973983722002782
D1274,H236,General Medicine,0.47920729095285636
D1275,H236,Ophthalmology,0.6800551500744669
D1276,H236,Cardiology,0.6622251970305649
D1277,H236,Cardiology,1.2068778864227363
D1278,H236,Cardiology,0.40489853363382633
D1279,H236,Orthopaedics,1.9861413118045412
D1280,H236,Urology,0.6037094675281498
D1281,H237,General Medicine,0.9985013024352604
D1282,H237,Ophthalmology,1.076926927940135
D1283,H237,Ophthalmology,1.7290584998980818
D1284,H237,General Surgery,1.01571137018423
D1285,H238,General Medicine,0.8725101219923171
D1286,H238,Orthopaedics,1.0173525847569487
D1287,H238,Orthopaedics,0.5920206154748167
D1288,H239,General Medicine,0.6137346539808897
D1289,H239,Obstetrics,0.8627414421180541
D1290,H239,Ophthalmology,1.56120023596042
D1291,H239,Ophthalmology,0.7128422196953711
D1292,H239,Oncology,0.7873499530405903
D1293,H240,General Medicine,1.8578593583371807
D1294,H240,General Medicine,1.0197143538002282
D1295,H240,General Medicine,1.230855449627181
D1296,H240,Nephrology,1.5279482359127867
D1297,H240,Cardiology,0.6113875324679856
D1298,H241,General Medicine,1.051118870898661
D1299,H242,General Medicine,1.4263766795046064
D1300,H243,General Medicine,0.6139024936246171
D1301,H243,Cardiology,0.48766835276425363
D1302,H243,Oncology,0.5116552643600859
D1303,H243,Oncology,0.9994151765724861
D1304,H243,Oncology,1.289976488458784
D1305,H243,Urology,1.712326226473267
D1306,H243,Obstetrics,0.6227990193867999
D1307,H243,Nephrology,0.6447594143577419
D1308,H244,General Medicine,1.6840096707256549
D1309,H244,Oncology,1.018447931043765
D1310,H245,General Medicine,1.5605113856725232
D1311,H245,General Surgery,0.9102850661314763
D1312,H245,General Surgery,0.8891556301543425
D1313,H245,General Surgery,1.0053016068077614
D1314,H245,Obstetrics,2.2778830794497904
D1315,H246,General Medicine,1.4942988673911466
D1316,H246,Ophthalmology,0.7019459083312087
D1317,H246,Cardiology,1.089392729731265
D1318,H246,Obstetrics,0.8487124762309709
D1319,H247,General Medicine,0.7747391139093125
D1320,H248,General Medicine,1.2711468423377674
D1321,H248,Obstetrics,1.140780447024618
D1322,H248,Cardiology,0.6260663589390791
D1323,H249,General Medicine,0.5048181861201333
D1324,H249,General Medicine,0.7635598755887801
D1325,H249,Nephrology,1.2296625375530665
D1326,H249,General Surgery,0.7477704441304815
D1327,H250,General Medicine,0.9129816796636981
D1328,H251,General Medicine,0.784780658650228
D1329,H251,Cardiology,0.43132091726956223
D1330,H251,Nephrology,0.6836518538711263
D1331,H251,Nephrology,1.001075117739018
D1332,H251,Obstetrics,1.0235873034400629
D1333,H251,Obstetrics,1.968260647612509
D1334,H251,Obstetrics,1.391996708495325
D1335,H251,Oncology,0.7235114103122066
D1336,H251,Ophthalmology,0.34693367485179094
D1337,H251,Ophthalmology,0.9737308002518884
D1338,H252,General Medicine,2.2437327311060833
D1339,H253,General Medicine,0.6359804034057783
D1340,H253,General Surgery,0.3887966611783537
D1341,H253,Orthopaedics,1.6622325381054723
D1342,H254,General Medicine,0.9550216493226874
D1343,H254,General Medicine,0.8057516682745751
D1344,H255,General Medicine,0.9099420608150949
D1345,H255,General Medicine,2.880070909017103
D1346,H255,Urology,0.4187847493878071
D1347,H255,Orthopaedics,0.7156796974182091
D1348,H256,General Medicine,0.9702930627621038
D1349,H256,Ophthalmology,0.5835565380645316
D1350,H256,Ophthalmology,1.121295785430869
D1351,H256,Nephrology,0.9992143065842423
D1352,H256,Oncology,0.5930927719249512
D1353,H257,General Medicine,1.2913646120917732
D1354,H257,Ophthalmology,2.026487401758585
D1355,H257,Ophthalmology,1.5975692749929686
D1356,H257,Nephrology,0.5566162829860204
D1357,H257,Obstetrics,0.8959993638836808
D1358,H258,General Medicine,0.7872838825924587
D1359,H258,Orthopaedics,0.4379770008199907
D1360,H258,Orthopaedics,0.8891624276520933
D1361,H258,General Surgery,0.8212309248516395
D1362,H258,General Surgery,0.5127542185828265
D1363,H258,Oncology,0.7597897643023714
D1364,H258,Oncology,0.8037125056359103
D1365,H259,General Medicine,0.6997742131468808
D1366,H259,Obstetrics,1.81893149694441
D1367,H259,Nephrology,1.3509053552192978
D1368,H260,General Medicine,0.37208261624604094
D1369,H260,Orthopaedics,1.2165646891687587
D1370,H261,General Medicine,1.2135875491419466
D1371,H262,General Medicine,1.2015016968180305
D1372,H262,General Medicine,0.8556670365944044
D1373,H263,General Medicine,0.7627782409511893
D1374,H263,General Medicine,2.779890738516653
D1375,H264,General Medicine,0.6432058495719138
D1376,H264,General Medicine,1.182845334572762
D1377,H264,Orthopaedics,1.4833537324554127
D1378,H264,Orthopaedics,1.5084983077101357
D1379,H264,Orthopaedics,1.6946530800709942
D1380,H264,Orthopaedics,1.0727983312326708
D1381,H264,General Surgery,1.6942952086773664
D1382,H264,General Surgery,1.1763763363705213
D1383,H265,General Medicine,0.9526291763731548
D1384,H265,Nephrology,2.3508272977815605
D1385,H265,General Surgery,0.5337487250283698
D1386,H265,General Surgery,1.2758095380275976
D1387,H265,Cardiology,0.4753349352025335
D1388,H266,General Medicine,1.5709625948833388
D1389,H266,General Medicine,1.2821881622996083
D1390,H266,Nephrology,0.9488653825391272
D1391,H266,Nephrology,0.4706886740388594
D1392,H267,General Medicine,1.4481999260678766
D1393,H267,Obstetrics,1.5468943117668632
D1394,H267,Cardiology,0.7336973520452259
D1395,H267,General Surgery,0.7185080538238943
D1396,H267,Oncology,1.0635950243148145
D1397,H267,Urology,0.8024830824225542
D1398,H267,Orthopaedics,1.2109868039438971
D1399,H267,Orthopaedics,0.608107490794453
D1400,H267,Nephrology,1.2088532398841025
D1401,H267,Nephrology,0.6234761235626574
D1402,H268,General Medicine,1.5898270769348246
D1403,H268,General Surgery,1.2714448215711147
D1404,H268,Obstetrics,3.3660367784639686
D1405,H268,Obstetrics,1.0525453834997056
D1406,H269,General Medicine,0.6906205878572895
D1407,H270,General Medicine,1.3631287419045992
D1408,H270,Nephrology,0.6816804086037882
D1409,H271,General Medicine,2.1298930752772725
D1410,H271,General Medicine,2.4644415783968654
D1411,H271,General Medicine,1.069626709695546
D1412,H271,Obstetrics,1.965006335303852
D1413,H271,Oncology,0.6118747774999977
D1414,H272,General Medicine,1.2788549415927302
D1415,H272,Ophthalmology,0.9868719570761734
D1416,H272,Nephrology,1.4153038757207794
D1417,H272,Nephrology,0.4661289677378229
D1418,H272,Nephrology,0.720760899125984
D1419,H272,Nephrology,0.6568874519630027
D1420,H272,Nephrology,1.010908150264576
D1421,H272,General Surgery,0.6655484931648706
D1422,H272,General Surgery,1.3011892126149176
D1423,H272,Urology,1.220779778618438
D1424,H272,Urology,1.1640103618768307
D1425,H272,Oncology,1.7353918832178619
D1426,H273,General Medicine,1.4886364108519345
D1427,H273,Ophthalmology,1.1705616116229498
D1428,H273,Urology,1.1054294041649393
D1429,H273,Urology,1.0624953786897673
D1430,H273,General Surgery,0.9605980718841511
D1431,H274,General Medicine,0.5525430173874775
D1432,H274,Obstetrics,1.2867295404728656
D1433,H275,General Medicine,0.7539707720754255
D1434,H275,Urology,1.641676616350604
D1435,H276,General Medicine,0.9975887256653668
D1436,H276,General Medicine,1.543470186760444
D1437,H276,Orthopaedics,0.9716254568864093
D1438,H276,Obstetrics,0.7781668807040085
D1439,H276,Obstetrics,1.0712351222338672
D1440,H276,General Surgery,0.8504741708619594
D1441,H277,General Medicine,2.7111508406794935
D1442,H277,Cardiology,2.477717254668333
D1443,H277,Ophthalmology,2.4374395240415687
D1444,H277,Obstetrics,1.165970959222809
D1445,H278,General Medicine,0.7319663617723802
D1446,H278,Ophthalmology,1.5662445217085614
D1447,H279,General Medicine,0.8535839323806093
D1448,H279,Oncology,1.6425309374603292
D1449,H279,Ophthalmology,0.7163579857413634
D1450,H280,General Medicine,1.2088620467060878
D1451,H280,Nephrology,1.773571223283143
D1452,H280,Ophthalmology,0.6279455768445673
D1453,H280,Ophthalmology,0.8748032623293969
D1454,H281,General Medicine,0.4451105295526806
D1455,H281,General Medicine,0.6608178286632096
D1456,H281,Obstetrics,1.3639397819556793
D1457,H281,Urology,1.8001008689102553
D1458,H281,Nephrology,1.8115236181766214
D1459,H282,General Medicine,1.4415906974291797
D1460,H282,Oncology,1.125396463185617
D1461,H282,Oncology,1.7822480533092866
D1462,H282,General Surgery,1.015495097410536
D1463,H283,General Medicine,1.4749266625167552
D1464,H283,General Medicine,1.9032921956151319
D1465,H283,Orthopaedics,1.5898079819090567
D1466,H283,Ophthalmology,1.358216524439361
D1467,H283,Ophthalmology,1.6148718874795611
D1468,H284,General Medicine,0.5458632520305825
D1469,H284,Ophthalmology,0.5489464332213234
D1470,H285,General Medicine,0.9801378745452968
D1471,H285,Ophthalmology,0.7310190351048544
D1472,H285,Oncology,1.050701187994551
D1473,H286,General Medicine,0.47060291904649204
D1474,H286,General Medicine,1.1707809548188535
D1475,H286,Ophthalmology,0.6254572644355183
D1476,H286,Ophthalmology,0.713677493050281
D1477,H286,Orthopaedics,0.9626171852136567
D1478,H287,General Medicine,1.2736040254691379
D1479,H287,Orthopaedics,0.5143015506070534
D1480,H288,General Medicine,0.9738681716989872
D1481,H288,Nephrology,0.44881820419003965
D1482,H288,Nephrology,0.9831309025311775
D1483,H288,Oncology,1.0837974900935077
D1484,H288,Ophthalmology,0.6471523706862697
D1485,H289,General Medicine,0.39533951764001385
D1486,H289,General Medicine,1.8913584598108382
D1487,H289,General Medicine,1.3662866113453684
D1488,H289,General Medicine,1.5677093416592964
D1489,H289,Orthopaedics,0.5876790255292655
D1490,H289,Orthopaedics,0.932358650103306
D1491,H289,Obstetrics,2.092593729814517
D1492,H289,Obstetrics,1.2042823390605268
D1493,H289,Obstetrics,1.5877019849378498
D1494,H289,Ophthalmology,1.1440709318648354
D1495,H289,Ophthalmology,0.5882542099479308
D1496,H289,Ophthalmology,0.6435124909117009
D1497,H289,Ophthalmology,1.3739703998369923
D1498,H289,Oncology,0.6108962825889453
D1499,H289,General Surgery,0.7661572550460475
D1500,H290,General Medicine,2.0308861154714113
D1501,H290,Nephrology,1.4887487380224784
D1502,H291,General Medicine,0.6108294523508222
D1503,H291,General Medicine,0.6969363898785937
D1504,H291,Oncology,0.7616368848441626
D1505,H291,Oncology,1.4797599574343239
D1506,H291,Oncology,1.1926881266143525
D1507,H291,Obstetrics,1.3431000641310917
D1508,H291,Orthopaedics,0.7815218834234555
D1509,H291,Orthopaedics,0.3286764017527199
D1510,H291,Ophthalmology,0.6898819519127718
D1511,H291,Nephrology,0.7735801506986446
D1512,H291,Nephrology,0.5419045821191832
D1513,H291,Cardiology,0.46276472923272644
D1514,H291,Cardiology,0.7334639489595087
D1515,H291,Cardiology,0.8157451115099734
D1516,H291,Cardiology,0.817382876786887
D1517,H291,General Surgery,1.4038261001612862
D1518,H291,General Surgery,1.3773359795287075
D1519,H291,General Surgery,0.6682895532089217
D1520,H291,General Surgery,1.5287233285877075
D1521,H291,Urology,0.494120064881074
D1522,H292,General Medicine,1.1145836329480774
D1523,H292,Cardiology,0.9814477097956039
D1524,H292,Nephrology,1.3567135282514857
D1525,H293,General Medicine,1.0867856797698767
D1526,H293,Urology,0.5614161729549983
D1527,H294,General Medicine,0.3312200801594521
D1528,H294,Nephrology,0.5454713411841826
D1529,H295,General Medicine,1.2038131122681885
D1530,H295,Ophthalmology,0.5477104777515271
D1531,H295,Urology,2.3051372298287065
D1532,H295,Orthopaedics,1.6383039780747493
D1533,H296,General Medicine,0.6049840442602122
D1534,H296,Ophthalmology,0.9240301163923266
D1535,H297,General Medicine,0.7287520506262258
D1536,H297,Ophthalmology,1.2800016375032532
D1537,H297,Ophthalmology,0.7485648100763936
D1538,H297,Ophthalmology,0.5108689262649906
D1539,H297,General Surgery,3.4716399296137173
D1540,H297,General Surgery,1.2507087061886037
D1541,H297,Cardiology,1.2898923748258095
D1542,H297,Cardiology,1.9553277097118176
D1543,H297,Oncology,0.9397264934940626
D1544,H297,Orthopaedics,1.5407806840070104
D1545,H298,General Medicine,1.7548756199546995
D1546,H298,General Medicine,0.9595453208093019
D1547,H298,General Medicine,1.2246070850558448
D1548,H299,General Medicine,1.670650113629465
D1549,H299,General Medicine,1.213790276879008
D1550,H299,Nephrology,2.119240085092844
D1551,H299,Orthopaedics,0.7588029645171719
D1552,H299,Obstetrics,0.7541555602834209
D1553,H299,Ophthalmology,0.9105562427415614
D1554,H300,General Medicine,1.5957455100351836
D1555,H300,General Medicine,1.217221072997621
D1556,H300,General Medicine,1.2593216408160095
